epoch,step,train_acc,train_loss,val_acc,val_loss
0,8,,,0.125,16.720645904541016
0,8,0.8849721550941467,,,
1,17,,,1.0,0.0
1,17,1.0,,,
2,26,,,1.0,0.0
2,26,1.0,,,
3,35,,,1.0,0.0
3,35,1.0,,,
4,44,,,1.0,0.0
4,44,1.0,,,
5,49,,0.0,,
5,53,,,1.0,0.0
5,53,1.0,,,
6,62,,,1.0,0.0
6,62,1.0,,,
